"Reihenfolge";"Kapitel";"Stufe";"Stabile ID";"Motiv";"Formtyp";"Aufbau";"Merkmale";"Felder";"Teile";"Anker";"Design-Score";"Bewertung"
"1";"1";"Ankommen";"library-ribbons-09";"Bänder · Neue Aussicht";"Geometrisch / freie Kontur";"Kompakt";"Offene Kontur";"22";"3";"0";"18.565";"Vorläufige Design-Einstufung; Spieltests ausstehend"
"2";"1";"Ankommen";"fan";"Fächer";"Geometrisch / freie Kontur";"Kompakt";"Offene Kontur";"22";"3";"0";"20.966";"Vorläufige Design-Einstufung; Spieltests ausstehend"
"3";"1";"Ankommen";"library-fans-15";"Fächerwege · Ruhiger Pol";"Geometrisch / freie Kontur";"Kompakt";"Offene Kontur";"22";"3";"0";"21.587";"Vorläufige Design-Einstufung; Spieltests ausstehend"
"4";"1";"Ankommen";"library-forks-09";"Abzweigungen · Neue Aussicht";"Geometrisch / freie Kontur";"Kompakt";"Offene Kontur";"23";"4";"0";"22.958";"Vorläufige Design-Einstufung; Spieltests ausstehend"
"5";"1";"Ankommen";"library-bridges-18";"Verbindungen · Weitblick";"Geometrisch / freie Kontur";"Kompakt";"Offene Kontur";"28";"4";"0";"23.881";"Vorläufige Design-Einstufung; Spieltests ausstehend"
"6";"1";"Ankommen";"library-islands-06";"Inselpfade · Kleine Weite";"Geometrisch / freie Kontur";"Kompakt";"Offene Kontur";"25";"4";"0";"24.322";"Vorläufige Design-Einstufung; Spieltests ausstehend"
"7";"1";"Ankommen";"library-fans-18";"Fächerwege · Weitblick";"Geometrisch / freie Kontur";"Kompakt";"Offene Kontur";"22";"4";"0";"24.382";"Vorläufige Design-Einstufung; Spieltests ausstehend"
"8";"1";"Ankommen";"library-forks-06";"Abzweigungen · Kleine Weite";"Geometrisch / freie Kontur";"Kompakt";"Offene Kontur";"23";"4";"0";"24.58";"Vorläufige Design-Einstufung; Spieltests ausstehend"
"9";"1";"Ankommen";"library-channels-14";"Durchgänge · Gute Verbindung";"Geometrisch / freie Kontur";"Kompakt";"Offene Kontur";"22";"4";"0";"24.63";"Vorläufige Design-Einstufung; Spieltests ausstehend"
"10";"1";"Ankommen";"library-fans-20";"Fächerwege · Feierabend";"Geometrisch / freie Kontur";"Kompakt";"Offene Kontur";"26";"4";"0";"24.67";"Vorläufige Design-Einstufung; Spieltests ausstehend"
"11";"2";"Ankommen";"wave";"Wellenband";"Geometrisch / freie Kontur";"Kompakt";"Offene Kontur";"23";"4";"0";"24.79";"Vorläufige Design-Einstufung; Spieltests ausstehend"
"12";"2";"Ankommen";"library-forks-17";"Abzweigungen · Blaue Stunde";"Geometrisch / freie Kontur";"Kompakt";"Offene Kontur";"27";"4";"0";"24.882";"Vorläufige Design-Einstufung; Spieltests ausstehend"
"13";"2";"Ankommen";"bridge";"Brückenspiel";"Geometrisch / freie Kontur";"Kompakt";"Offene Kontur";"27";"4";"0";"24.92";"Vorläufige Design-Einstufung; Spieltests ausstehend"
"14";"2";"Ankommen";"library-islands-07";"Inselpfade · Leiser Fluss";"Geometrisch / freie Kontur";"Kompakt";"Offene Kontur";"22";"4";"0";"25.086";"Vorläufige Design-Einstufung; Spieltests ausstehend"
"15";"2";"Ankommen";"library-bridges-05";"Verbindungen · Sternenblick";"Geometrisch / freie Kontur";"Kompakt";"Offene Kontur";"28";"4";"0";"25.29";"Vorläufige Design-Einstufung; Spieltests ausstehend"
"16";"2";"Ankommen";"library-islands-14";"Inselpfade · Gute Verbindung";"Geometrisch / freie Kontur";"Kompakt";"Offene Kontur";"24";"4";"0";"25.406";"Vorläufige Design-Einstufung; Spieltests ausstehend"
"17";"2";"Ankommen";"library-facets-08";"Facetten · Goldener Winkel";"Geometrisch / freie Kontur";"Kompakt";"Offene Kontur";"25";"4";"0";"25.566";"Vorläufige Design-Einstufung; Spieltests ausstehend"
"18";"2";"Ankommen";"library-notches-08";"Nischenwege · Goldener Winkel";"Geometrisch / freie Kontur";"Kompakt";"Offene Kontur";"25";"4";"0";"25.644";"Vorläufige Design-Einstufung; Spieltests ausstehend"
"19";"2";"Ankommen";"library-notches-09";"Nischenwege · Neue Aussicht";"Geometrisch / freie Kontur";"Kompakt";"Offene Kontur";"23";"4";"0";"25.658";"Vorläufige Design-Einstufung; Spieltests ausstehend"
"20";"2";"Ankommen";"library-channels-11";"Durchgänge · Heller Gedanke";"Geometrisch / freie Kontur";"Kompakt";"Offene Kontur";"22";"4";"0";"25.875";"Vorläufige Design-Einstufung; Spieltests ausstehend"
"21";"3";"Ankommen";"library-ribbons-01";"Bänder · Morgenlicht";"Geometrisch / freie Kontur";"Kompakt";"Offene Kontur";"25";"4";"0";"26.265";"Vorläufige Design-Einstufung; Spieltests ausstehend"
"22";"3";"Ankommen";"library-forks-04";"Abzweigungen · Sommerwind";"Geometrisch / freie Kontur";"Kompakt";"Offene Kontur";"26";"4";"0";"26.326";"Vorläufige Design-Einstufung; Spieltests ausstehend"
"23";"3";"Ankommen";"library-bridges-04";"Verbindungen · Sommerwind";"Geometrisch / freie Kontur";"Kompakt";"Offene Kontur";"23";"4";"0";"26.335";"Vorläufige Design-Einstufung; Spieltests ausstehend"
"24";"3";"Ankommen";"library-arches-06";"Lichtbögen · Kleine Weite";"Geometrisch / freie Kontur";"Kompakt";"Offene Kontur";"26";"4";"0";"26.392";"Vorläufige Design-Einstufung; Spieltests ausstehend"
"25";"3";"Ankommen";"library-ribbons-20";"Bänder · Feierabend";"Geometrisch / freie Kontur";"Kompakt";"Offene Kontur";"22";"4";"0";"26.398";"Vorläufige Design-Einstufung; Spieltests ausstehend"
"26";"3";"Ankommen";"library-fans-03";"Fächerwege · Silberpfad";"Geometrisch / freie Kontur";"Kompakt";"Offene Kontur";"23";"4";"0";"26.512";"Vorläufige Design-Einstufung; Spieltests ausstehend"
"27";"3";"Ankommen";"library-windows-20";"Fensterlicht · Feierabend";"Geometrisch / freie Kontur";"Verzweigt";"Schmale Verbindungen, Offene Kontur";"23";"4";"0";"26.657";"Vorläufige Design-Einstufung; Spieltests ausstehend"
"28";"3";"Ankommen";"library-terraces-08";"Stufenwege · Goldener Winkel";"Geometrisch / freie Kontur";"Kompakt";"";"22";"4";"0";"26.694";"Vorläufige Design-Einstufung; Spieltests ausstehend"
"29";"3";"Ankommen";"library-bridges-15";"Verbindungen · Ruhiger Pol";"Geometrisch / freie Kontur";"Kompakt";"Offene Kontur";"25";"4";"0";"26.721";"Vorläufige Design-Einstufung; Spieltests ausstehend"
"30";"3";"Ankommen";"library-islands-13";"Inselpfade · Freiraum";"Geometrisch / freie Kontur";"Kompakt";"Offene Kontur";"22";"4";"0";"26.841";"Vorläufige Design-Einstufung; Spieltests ausstehend"
"31";"4";"Ankommen";"candle";"Kerze";"Gegenstand / Symbol";"Langgezogen";"";"27";"4";"0";"27.194";"Vorläufige Design-Einstufung; Spieltests ausstehend"
"32";"4";"Ankommen";"library-fans-06";"Fächerwege · Kleine Weite";"Geometrisch / freie Kontur";"Kompakt";"Offene Kontur";"23";"4";"0";"26.854";"Vorläufige Design-Einstufung; Spieltests ausstehend"
"33";"4";"Ankommen";"fish";"Fisch";"Tier / Natur";"Kompakt";"Offene Kontur";"25";"4";"0";"27.922";"Vorläufige Design-Einstufung; Spieltests ausstehend"
"34";"4";"Ankommen";"library-fans-07";"Fächerwege · Leiser Fluss";"Geometrisch / freie Kontur";"Kompakt";"Offene Kontur";"24";"4";"0";"26.972";"Vorläufige Design-Einstufung; Spieltests ausstehend"
"35";"4";"Ankommen";"library-islands-01";"Inselpfade · Morgenlicht";"Geometrisch / freie Kontur";"Kompakt";"Offene Kontur";"24";"4";"0";"27.161";"Vorläufige Design-Einstufung; Spieltests ausstehend"
"36";"4";"Ankommen";"library-fans-10";"Fächerwege · Zwischenzeit";"Geometrisch / freie Kontur";"Kompakt";"Offene Kontur";"25";"4";"0";"27.262";"Vorläufige Design-Einstufung; Spieltests ausstehend"
"37";"4";"Ankommen";"library-notches-05";"Nischenwege · Sternenblick";"Geometrisch / freie Kontur";"Kompakt";"";"23";"4";"0";"27.301";"Vorläufige Design-Einstufung; Spieltests ausstehend"
"38";"4";"Ankommen";"star";"Sternenfeld";"Geometrisch / freie Kontur";"Verzweigt";"Schmale Verbindungen, Offene Kontur";"25";"4";"0";"27.732";"Vorläufige Design-Einstufung; Spieltests ausstehend"
"39";"4";"Ankommen";"library-channels-13";"Durchgänge · Freiraum";"Geometrisch / freie Kontur";"Kompakt";"Offene Kontur";"27";"4";"0";"28.083";"Vorläufige Design-Einstufung; Spieltests ausstehend"
"40";"4";"Ankommen";"library-ribbons-11";"Bänder · Heller Gedanke";"Geometrisch / freie Kontur";"Kompakt";"Offene Kontur";"24";"5";"0";"28.306";"Vorläufige Design-Einstufung; Spieltests ausstehend"
"41";"5";"Ankommen";"note";"Musiknote";"Gegenstand / Symbol";"Kompakt";"Offene Kontur";"21";"5";"0";"29.515";"Vorläufige Design-Einstufung; Spieltests ausstehend"
"42";"5";"Ankommen";"library-windows-02";"Fensterlicht · Abendruhe";"Geometrisch / freie Kontur";"Kompakt";"Offene Kontur";"22";"5";"0";"28.928";"Vorläufige Design-Einstufung; Spieltests ausstehend"
"43";"5";"Ankommen";"library-fans-17";"Fächerwege · Blaue Stunde";"Geometrisch / freie Kontur";"Kompakt";"Offene Kontur";"23";"5";"0";"29.377";"Vorläufige Design-Einstufung; Spieltests ausstehend"
"44";"5";"Ankommen";"library-forks-12";"Abzweigungen · Nordlicht";"Geometrisch / freie Kontur";"Kompakt";"Offene Kontur";"25";"5";"0";"29.408";"Vorläufige Design-Einstufung; Spieltests ausstehend"
"45";"5";"Ankommen";"ring";"Lichtring";"Geometrisch / freie Kontur";"Kompakt";"Offene Kontur";"30";"5";"0";"29.436";"Vorläufige Design-Einstufung; Spieltests ausstehend"
"46";"5";"Ankommen";"library-forks-03";"Abzweigungen · Silberpfad";"Geometrisch / freie Kontur";"Kompakt";"Offene Kontur";"26";"5";"0";"29.715";"Vorläufige Design-Einstufung; Spieltests ausstehend"
"47";"5";"Ankommen";"library-forks-18";"Abzweigungen · Weitblick";"Geometrisch / freie Kontur";"Kompakt";"Offene Kontur";"27";"5";"0";"29.719";"Vorläufige Design-Einstufung; Spieltests ausstehend"
"48";"5";"Ankommen";"chevron";"Zickzack";"Geometrisch / freie Kontur";"Kompakt";"Offene Kontur";"21";"5";"0";"29.757";"Vorläufige Design-Einstufung; Spieltests ausstehend"
"49";"5";"Ankommen";"library-channels-19";"Durchgänge · Lichtspur";"Geometrisch / freie Kontur";"Verzweigt";"Schmale Verbindungen, Offene Kontur";"22";"5";"0";"29.786";"Vorläufige Design-Einstufung; Spieltests ausstehend"
"50";"5";"Ankommen";"library-arches-05";"Lichtbögen · Sternenblick";"Geometrisch / freie Kontur";"Kompakt";"Offene Kontur";"22";"5";"0";"29.819";"Vorläufige Design-Einstufung; Spieltests ausstehend"
"51";"6";"Ankommen";"library-islands-11";"Inselpfade · Heller Gedanke";"Geometrisch / freie Kontur";"Kompakt";"Offene Kontur";"22";"5";"0";"29.828";"Vorläufige Design-Einstufung; Spieltests ausstehend"
"52";"6";"Ankommen";"library-bridges-09";"Verbindungen · Neue Aussicht";"Geometrisch / freie Kontur";"Kompakt";"Offene Kontur";"23";"5";"0";"29.947";"Vorläufige Design-Einstufung; Spieltests ausstehend"
"53";"6";"Ankommen";"library-facets-04";"Facetten · Sommerwind";"Geometrisch / freie Kontur";"Kompakt";"Offene Kontur";"26";"5";"0";"30.016";"Vorläufige Design-Einstufung; Spieltests ausstehend"
"54";"6";"Ankommen";"bolt";"Funkenweg";"Geometrisch / freie Kontur";"Kompakt";"Offene Kontur";"20";"5";"0";"30.197";"Vorläufige Design-Einstufung; Spieltests ausstehend"
"55";"6";"Ankommen";"library-forks-10";"Abzweigungen · Zwischenzeit";"Geometrisch / freie Kontur";"Kompakt";"Offene Kontur";"23";"5";"0";"30.258";"Vorläufige Design-Einstufung; Spieltests ausstehend"
"56";"6";"Ankommen";"library-facets-07";"Facetten · Leiser Fluss";"Geometrisch / freie Kontur";"Kompakt";"Offene Kontur";"24";"5";"0";"30.295";"Vorläufige Design-Einstufung; Spieltests ausstehend"
"57";"6";"Ankommen";"library-terraces-16";"Stufenwege · Sonnenfenster";"Geometrisch / freie Kontur";"Kompakt";"Offene Kontur";"22";"5";"0";"30.398";"Vorläufige Design-Einstufung; Spieltests ausstehend"
"58";"6";"Ankommen";"library-fans-12";"Fächerwege · Nordlicht";"Geometrisch / freie Kontur";"Kompakt";"Offene Kontur";"29";"5";"0";"30.495";"Vorläufige Design-Einstufung; Spieltests ausstehend"
"59";"6";"Ankommen";"library-forks-11";"Abzweigungen · Heller Gedanke";"Geometrisch / freie Kontur";"Kompakt";"Offene Kontur";"22";"5";"0";"30.51";"Vorläufige Design-Einstufung; Spieltests ausstehend"
"60";"6";"Ankommen";"library-arches-15";"Lichtbögen · Ruhiger Pol";"Geometrisch / freie Kontur";"Kompakt";"Offene Kontur";"26";"5";"0";"30.557";"Vorläufige Design-Einstufung; Spieltests ausstehend"
"61";"7";"Entdecken";"library-anchors-03";"Ankerwege · Silberpfad";"Geometrisch / freie Kontur";"Verzweigt";"Feste Anker, Schmale Verbindungen, Offene Kontur";"22";"3";"3";"22.72";"Vorläufige Design-Einstufung; Spieltests ausstehend"
"62";"7";"Entdecken";"block01";"Der erste Anker";"Geometrisch / freie Kontur";"Kompakt";"Feste Anker";"18";"4";"1";"24.924";"Vorläufige Design-Einstufung; Spieltests ausstehend"
"63";"7";"Entdecken";"library-arches-03";"Lichtbögen · Silberpfad";"Geometrisch / freie Kontur";"Kompakt";"Feste Anker, Offene Kontur";"27";"4";"2";"26.086";"Vorläufige Design-Einstufung; Spieltests ausstehend"
"64";"7";"Entdecken";"library-ribbons-08";"Bänder · Goldener Winkel";"Geometrisch / freie Kontur";"Kompakt";"Feste Anker, Offene Kontur";"23";"4";"2";"27.09";"Vorläufige Design-Einstufung; Spieltests ausstehend"
"65";"7";"Entdecken";"library-ribbons-05";"Bänder · Sternenblick";"Geometrisch / freie Kontur";"Kompakt";"Feste Anker, Offene Kontur";"22";"4";"1";"28.253";"Vorläufige Design-Einstufung; Spieltests ausstehend"
"66";"7";"Entdecken";"library-anchors-08";"Ankerwege · Goldener Winkel";"Geometrisch / freie Kontur";"Kompakt";"Feste Anker, Offene Kontur";"24";"4";"3";"30.117";"Vorläufige Design-Einstufung; Spieltests ausstehend"
"67";"7";"Entdecken";"library-forks-07";"Abzweigungen · Leiser Fluss";"Geometrisch / freie Kontur";"Kompakt";"Offene Kontur";"22";"5";"0";"30.583";"Vorläufige Design-Einstufung; Spieltests ausstehend"
"68";"7";"Entdecken";"library-forks-02";"Abzweigungen · Abendruhe";"Geometrisch / freie Kontur";"Kompakt";"Feste Anker, Offene Kontur";"23";"5";"2";"30.591";"Vorläufige Design-Einstufung; Spieltests ausstehend"
"69";"7";"Entdecken";"library-facets-19";"Facetten · Lichtspur";"Geometrisch / freie Kontur";"Kompakt";"Offene Kontur";"24";"5";"0";"30.603";"Vorläufige Design-Einstufung; Spieltests ausstehend"
"70";"7";"Entdecken";"library-terraces-19";"Stufenwege · Lichtspur";"Geometrisch / freie Kontur";"Kompakt";"";"22";"5";"0";"30.642";"Vorläufige Design-Einstufung; Spieltests ausstehend"
"71";"8";"Entdecken";"library-terraces-11";"Stufenwege · Heller Gedanke";"Geometrisch / freie Kontur";"Kompakt";"Offene Kontur";"27";"5";"0";"30.775";"Vorläufige Design-Einstufung; Spieltests ausstehend"
"72";"8";"Entdecken";"library-channels-17";"Durchgänge · Blaue Stunde";"Geometrisch / freie Kontur";"Kompakt";"Offene Kontur";"26";"5";"0";"30.982";"Vorläufige Design-Einstufung; Spieltests ausstehend"
"73";"8";"Entdecken";"library-bridges-16";"Verbindungen · Sonnenfenster";"Geometrisch / freie Kontur";"Kompakt";"Offene Kontur";"24";"5";"0";"31.053";"Vorläufige Design-Einstufung; Spieltests ausstehend"
"74";"8";"Entdecken";"library-terraces-12";"Stufenwege · Nordlicht";"Geometrisch / freie Kontur";"Kompakt";"";"30";"5";"0";"31.097";"Vorläufige Design-Einstufung; Spieltests ausstehend"
"75";"8";"Entdecken";"library-islands-04";"Inselpfade · Sommerwind";"Geometrisch / freie Kontur";"Kompakt";"Offene Kontur";"25";"5";"0";"31.105";"Vorläufige Design-Einstufung; Spieltests ausstehend"
"76";"8";"Entdecken";"library-islands-20";"Inselpfade · Feierabend";"Geometrisch / freie Kontur";"Kompakt";"Offene Kontur";"22";"5";"0";"31.13";"Vorläufige Design-Einstufung; Spieltests ausstehend"
"77";"8";"Entdecken";"library-forks-16";"Abzweigungen · Sonnenfenster";"Geometrisch / freie Kontur";"Kompakt";"Feste Anker, Offene Kontur";"23";"5";"2";"31.191";"Vorläufige Design-Einstufung; Spieltests ausstehend"
"78";"8";"Entdecken";"library-fans-05";"Fächerwege · Sternenblick";"Geometrisch / freie Kontur";"Kompakt";"";"24";"5";"0";"31.203";"Vorläufige Design-Einstufung; Spieltests ausstehend"
"79";"8";"Entdecken";"library-arches-20";"Lichtbögen · Feierabend";"Geometrisch / freie Kontur";"Kompakt";"Offene Kontur";"22";"5";"0";"31.333";"Vorläufige Design-Einstufung; Spieltests ausstehend"
"80";"8";"Entdecken";"library-terraces-02";"Stufenwege · Abendruhe";"Geometrisch / freie Kontur";"Kompakt";"Offene Kontur";"26";"5";"0";"31.338";"Vorläufige Design-Einstufung; Spieltests ausstehend"
"81";"9";"Entdecken";"key";"Schlüssel";"Gegenstand / Symbol";"Kompakt";"Offene Kontur";"27";"5";"0";"31.498";"Vorläufige Design-Einstufung; Spieltests ausstehend"
"82";"9";"Entdecken";"library-islands-19";"Inselpfade · Lichtspur";"Geometrisch / freie Kontur";"Kompakt";"Offene Kontur";"31";"5";"0";"31.35";"Vorläufige Design-Einstufung; Spieltests ausstehend"
"83";"9";"Entdecken";"library-terraces-01";"Stufenwege · Morgenlicht";"Geometrisch / freie Kontur";"Kompakt";"";"22";"5";"0";"31.41";"Vorläufige Design-Einstufung; Spieltests ausstehend"
"84";"9";"Entdecken";"library-fans-09";"Fächerwege · Neue Aussicht";"Geometrisch / freie Kontur";"Kompakt";"";"26";"5";"0";"31.47";"Vorläufige Design-Einstufung; Spieltests ausstehend"
"85";"9";"Entdecken";"library-terraces-15";"Stufenwege · Ruhiger Pol";"Geometrisch / freie Kontur";"Kompakt";"Offene Kontur";"29";"5";"0";"31.507";"Vorläufige Design-Einstufung; Spieltests ausstehend"
"86";"9";"Entdecken";"library-fans-13";"Fächerwege · Freiraum";"Geometrisch / freie Kontur";"Kompakt";"Offene Kontur";"22";"5";"0";"31.525";"Vorläufige Design-Einstufung; Spieltests ausstehend"
"87";"9";"Entdecken";"library-bridges-19";"Verbindungen · Lichtspur";"Geometrisch / freie Kontur";"Kompakt";"Offene Kontur";"24";"5";"0";"31.54";"Vorläufige Design-Einstufung; Spieltests ausstehend"
"88";"9";"Entdecken";"library-arches-12";"Lichtbögen · Nordlicht";"Geometrisch / freie Kontur";"Kompakt";"Offene Kontur";"29";"5";"0";"31.637";"Vorläufige Design-Einstufung; Spieltests ausstehend"
"89";"9";"Entdecken";"library-ribbons-02";"Bänder · Abendruhe";"Geometrisch / freie Kontur";"Kompakt";"";"24";"5";"0";"31.639";"Vorläufige Design-Einstufung; Spieltests ausstehend"
"90";"9";"Entdecken";"library-facets-13";"Facetten · Freiraum";"Geometrisch / freie Kontur";"Kompakt";"Feste Anker, Offene Kontur";"25";"4";"4";"31.671";"Vorläufige Design-Einstufung; Spieltests ausstehend"
"91";"10";"Entdecken";"library-channels-20";"Durchgänge · Feierabend";"Geometrisch / freie Kontur";"Kompakt";"Offene Kontur";"29";"5";"0";"31.762";"Vorläufige Design-Einstufung; Spieltests ausstehend"
"92";"10";"Entdecken";"library-ribbons-14";"Bänder · Gute Verbindung";"Geometrisch / freie Kontur";"Kompakt";"Offene Kontur";"30";"5";"0";"31.811";"Vorläufige Design-Einstufung; Spieltests ausstehend"
"93";"10";"Entdecken";"library-ribbons-19";"Bänder · Lichtspur";"Geometrisch / freie Kontur";"Langgezogen";"Offene Kontur";"22";"5";"0";"31.838";"Vorläufige Design-Einstufung; Spieltests ausstehend"
"94";"10";"Entdecken";"library-notches-15";"Nischenwege · Ruhiger Pol";"Geometrisch / freie Kontur";"Kompakt";"Offene Kontur";"29";"5";"0";"31.884";"Vorläufige Design-Einstufung; Spieltests ausstehend"
"95";"10";"Entdecken";"library-forks-15";"Abzweigungen · Ruhiger Pol";"Geometrisch / freie Kontur";"Kompakt";"Offene Kontur";"24";"5";"0";"31.938";"Vorläufige Design-Einstufung; Spieltests ausstehend"
"96";"10";"Entdecken";"library-channels-18";"Durchgänge · Weitblick";"Geometrisch / freie Kontur";"Kompakt";"";"29";"5";"0";"32.062";"Vorläufige Design-Einstufung; Spieltests ausstehend"
"97";"10";"Entdecken";"library-bridges-07";"Verbindungen · Leiser Fluss";"Geometrisch / freie Kontur";"Kompakt";"";"26";"5";"0";"32.071";"Vorläufige Design-Einstufung; Spieltests ausstehend"
"98";"10";"Entdecken";"library-terraces-14";"Stufenwege · Gute Verbindung";"Geometrisch / freie Kontur";"Verzweigt";"Schmale Verbindungen, Offene Kontur";"27";"5";"0";"32.087";"Vorläufige Design-Einstufung; Spieltests ausstehend"
"99";"10";"Entdecken";"library-facets-16";"Facetten · Sonnenfenster";"Geometrisch / freie Kontur";"Kompakt";"Offene Kontur";"31";"5";"0";"32.27";"Vorläufige Design-Einstufung; Spieltests ausstehend"
"100";"10";"Entdecken";"library-facets-10";"Facetten · Zwischenzeit";"Geometrisch / freie Kontur";"Kompakt";"Offene Kontur";"28";"5";"0";"32.369";"Vorläufige Design-Einstufung; Spieltests ausstehend"
"101";"11";"Entdecken";"rocket";"Rakete";"Gegenstand / Symbol";"Langgezogen";"Offene Kontur";"33";"5";"0";"32.643";"Vorläufige Design-Einstufung; Spieltests ausstehend"
"102";"11";"Entdecken";"library-ribbons-10";"Bänder · Zwischenzeit";"Geometrisch / freie Kontur";"Kompakt";"Feste Anker, Offene Kontur";"23";"5";"2";"32.377";"Vorläufige Design-Einstufung; Spieltests ausstehend"
"103";"11";"Entdecken";"library-facets-15";"Facetten · Ruhiger Pol";"Geometrisch / freie Kontur";"Kompakt";"Feste Anker, Offene Kontur";"23";"5";"1";"32.493";"Vorläufige Design-Einstufung; Spieltests ausstehend"
"104";"11";"Entdecken";"library-windows-19";"Fensterlicht · Lichtspur";"Geometrisch / freie Kontur";"Kompakt";"Feste Anker, Offene Kontur";"27";"5";"1";"32.498";"Vorläufige Design-Einstufung; Spieltests ausstehend"
"105";"11";"Entdecken";"balance";"Balance";"Geometrisch / freie Kontur";"Kompakt";"Offene Kontur";"33";"5";"0";"32.524";"Vorläufige Design-Einstufung; Spieltests ausstehend"
"106";"11";"Entdecken";"library-notches-18";"Nischenwege · Weitblick";"Geometrisch / freie Kontur";"Kompakt";"";"33";"5";"0";"32.68";"Vorläufige Design-Einstufung; Spieltests ausstehend"
"107";"11";"Entdecken";"library-facets-14";"Facetten · Gute Verbindung";"Geometrisch / freie Kontur";"Kompakt";"Feste Anker, Offene Kontur";"23";"5";"2";"32.714";"Vorläufige Design-Einstufung; Spieltests ausstehend"
"108";"11";"Entdecken";"library-fans-02";"Fächerwege · Abendruhe";"Geometrisch / freie Kontur";"Kompakt";"";"34";"5";"0";"32.729";"Vorläufige Design-Einstufung; Spieltests ausstehend"
"109";"11";"Entdecken";"library-facets-03";"Facetten · Silberpfad";"Geometrisch / freie Kontur";"Kompakt";"Offene Kontur";"30";"5";"0";"32.813";"Vorläufige Design-Einstufung; Spieltests ausstehend"
"110";"11";"Entdecken";"library-terraces-17";"Stufenwege · Blaue Stunde";"Geometrisch / freie Kontur";"Kompakt";"";"27";"5";"0";"33.019";"Vorläufige Design-Einstufung; Spieltests ausstehend"
"111";"12";"Entdecken";"library-windows-12";"Fensterlicht · Nordlicht";"Geometrisch / freie Kontur";"Verzweigt";"Schmale Verbindungen, Offene Kontur";"31";"5";"0";"33.104";"Vorläufige Design-Einstufung; Spieltests ausstehend"
"112";"12";"Entdecken";"library-ribbons-18";"Bänder · Weitblick";"Geometrisch / freie Kontur";"Kompakt";"Feste Anker, Offene Kontur";"23";"5";"2";"33.29";"Vorläufige Design-Einstufung; Spieltests ausstehend"
"113";"12";"Entdecken";"library-ribbons-07";"Bänder · Leiser Fluss";"Geometrisch / freie Kontur";"Kompakt";"Feste Anker, Offene Kontur";"22";"5";"3";"33.387";"Vorläufige Design-Einstufung; Spieltests ausstehend"
"114";"12";"Entdecken";"library-islands-16";"Inselpfade · Sonnenfenster";"Geometrisch / freie Kontur";"Kompakt";"Feste Anker, Offene Kontur";"26";"5";"2";"33.404";"Vorläufige Design-Einstufung; Spieltests ausstehend"
"115";"12";"Entdecken";"library-notches-13";"Nischenwege · Freiraum";"Geometrisch / freie Kontur";"Kompakt";"Feste Anker, Offene Kontur";"31";"5";"2";"33.415";"Vorläufige Design-Einstufung; Spieltests ausstehend"
"116";"12";"Entdecken";"library-islands-17";"Inselpfade · Blaue Stunde";"Geometrisch / freie Kontur";"Kompakt";"Feste Anker, Offene Kontur";"22";"5";"2";"33.542";"Vorläufige Design-Einstufung; Spieltests ausstehend"
"117";"12";"Entdecken";"petals";"Windrad";"Geometrisch / freie Kontur";"Kompakt";"Offene Kontur";"29";"5";"0";"33.558";"Vorläufige Design-Einstufung; Spieltests ausstehend"
"118";"12";"Entdecken";"library-ribbons-17";"Bänder · Blaue Stunde";"Geometrisch / freie Kontur";"Kompakt";"Feste Anker, Offene Kontur";"25";"5";"2";"33.611";"Vorläufige Design-Einstufung; Spieltests ausstehend"
"119";"12";"Entdecken";"library-arches-19";"Lichtbögen · Lichtspur";"Geometrisch / freie Kontur";"Verzweigt";"Feste Anker, Schmale Verbindungen, Offene Kontur";"32";"5";"2";"33.625";"Vorläufige Design-Einstufung; Spieltests ausstehend"
"120";"12";"Entdecken";"library-anchors-14";"Ankerwege · Gute Verbindung";"Geometrisch / freie Kontur";"Verzweigt";"Feste Anker, Schmale Verbindungen, Offene Kontur";"24";"5";"3";"33.64";"Vorläufige Design-Einstufung; Spieltests ausstehend"
"121";"13";"Entdecken";"library-channels-02";"Durchgänge · Abendruhe";"Geometrisch / freie Kontur";"Kompakt";"Feste Anker, Offene Kontur";"25";"5";"2";"33.722";"Vorläufige Design-Einstufung; Spieltests ausstehend"
"122";"13";"Entdecken";"library-forks-20";"Abzweigungen · Feierabend";"Geometrisch / freie Kontur";"Kompakt";"Offene Kontur";"25";"6";"0";"33.833";"Vorläufige Design-Einstufung; Spieltests ausstehend"
"123";"13";"Entdecken";"library-terraces-20";"Stufenwege · Feierabend";"Geometrisch / freie Kontur";"Verzweigt";"Schmale Verbindungen, Offene Kontur";"33";"5";"0";"33.893";"Vorläufige Design-Einstufung; Spieltests ausstehend"
"124";"13";"Entdecken";"library-windows-15";"Fensterlicht · Ruhiger Pol";"Geometrisch / freie Kontur";"Verzweigt";"Feste Anker, Schmale Verbindungen, Offene Kontur";"23";"5";"2";"34.002";"Vorläufige Design-Einstufung; Spieltests ausstehend"
"125";"13";"Entdecken";"library-anchors-06";"Ankerwege · Kleine Weite";"Geometrisch / freie Kontur";"Kompakt";"Feste Anker";"22";"5";"4";"34.128";"Vorläufige Design-Einstufung; Spieltests ausstehend"
"126";"13";"Entdecken";"library-bridges-17";"Verbindungen · Blaue Stunde";"Geometrisch / freie Kontur";"Kompakt";"Offene Kontur";"24";"6";"0";"34.229";"Vorläufige Design-Einstufung; Spieltests ausstehend"
"127";"13";"Entdecken";"library-anchors-13";"Ankerwege · Freiraum";"Geometrisch / freie Kontur";"Verzweigt";"Feste Anker, Schmale Verbindungen, Offene Kontur";"22";"5";"4";"34.231";"Vorläufige Design-Einstufung; Spieltests ausstehend"
"128";"13";"Entdecken";"library-notches-01";"Nischenwege · Morgenlicht";"Geometrisch / freie Kontur";"Verzweigt";"Schmale Verbindungen, Offene Kontur";"24";"6";"0";"34.318";"Vorläufige Design-Einstufung; Spieltests ausstehend"
"129";"13";"Entdecken";"block08";"Vier Stationen";"Geometrisch / freie Kontur";"Kompakt";"Feste Anker, Offene Kontur";"29";"5";"4";"34.429";"Vorläufige Design-Einstufung; Spieltests ausstehend"
"130";"13";"Entdecken";"library-anchors-17";"Ankerwege · Blaue Stunde";"Geometrisch / freie Kontur";"Kompakt";"Feste Anker, Offene Kontur";"24";"5";"3";"34.437";"Vorläufige Design-Einstufung; Spieltests ausstehend"
"131";"14";"Entdecken";"flower";"Blume";"Tier / Natur";"Verzweigt";"Schmale Verbindungen, Offene Kontur";"34";"5";"0";"34.791";"Vorläufige Design-Einstufung; Spieltests ausstehend"
"132";"14";"Entdecken";"library-islands-02";"Inselpfade · Abendruhe";"Geometrisch / freie Kontur";"Kompakt";"Offene Kontur";"24";"6";"0";"34.617";"Vorläufige Design-Einstufung; Spieltests ausstehend"
"133";"14";"Entdecken";"library-terraces-07";"Stufenwege · Leiser Fluss";"Geometrisch / freie Kontur";"Kompakt";"Feste Anker";"29";"5";"1";"34.691";"Vorläufige Design-Einstufung; Spieltests ausstehend"
"134";"14";"Entdecken";"library-islands-08";"Inselpfade · Goldener Winkel";"Geometrisch / freie Kontur";"Kompakt";"Offene Kontur";"24";"6";"0";"34.729";"Vorläufige Design-Einstufung; Spieltests ausstehend"
"135";"14";"Entdecken";"library-islands-12";"Inselpfade · Nordlicht";"Geometrisch / freie Kontur";"Kompakt";"Offene Kontur";"24";"6";"0";"34.869";"Vorläufige Design-Einstufung; Spieltests ausstehend"
"136";"14";"Entdecken";"library-bridges-03";"Verbindungen · Silberpfad";"Geometrisch / freie Kontur";"Kompakt";"Offene Kontur";"24";"6";"0";"34.959";"Vorläufige Design-Einstufung; Spieltests ausstehend"
"137";"14";"Entdecken";"library-ribbons-12";"Bänder · Nordlicht";"Geometrisch / freie Kontur";"Kompakt";"Offene Kontur";"25";"6";"0";"34.966";"Vorläufige Design-Einstufung; Spieltests ausstehend"
"138";"14";"Entdecken";"library-bridges-12";"Verbindungen · Nordlicht";"Geometrisch / freie Kontur";"Kompakt";"";"26";"6";"0";"34.979";"Vorläufige Design-Einstufung; Spieltests ausstehend"
"139";"14";"Entdecken";"block10";"Freie Bahn";"Geometrisch / freie Kontur";"Kompakt";"Feste Anker";"29";"5";"4";"35.095";"Vorläufige Design-Einstufung; Spieltests ausstehend"
"140";"14";"Entdecken";"stair";"Stufenlicht";"Geometrisch / freie Kontur";"Kompakt";"Offene Kontur";"24";"6";"0";"35.107";"Vorläufige Design-Einstufung; Spieltests ausstehend"
"141";"15";"Entdecken";"hexagon";"Wabenruhe";"Geometrisch / freie Kontur";"Kompakt";"";"37";"5";"0";"35.141";"Vorläufige Design-Einstufung; Spieltests ausstehend"
"142";"15";"Entdecken";"library-ribbons-06";"Bänder · Kleine Weite";"Geometrisch / freie Kontur";"Kompakt";"Offene Kontur";"26";"6";"0";"35.204";"Vorläufige Design-Einstufung; Spieltests ausstehend"
"143";"15";"Entdecken";"library-forks-13";"Abzweigungen · Freiraum";"Geometrisch / freie Kontur";"Kompakt";"Offene Kontur";"26";"6";"0";"35.27";"Vorläufige Design-Einstufung; Spieltests ausstehend"
"144";"15";"Entdecken";"library-channels-07";"Durchgänge · Leiser Fluss";"Geometrisch / freie Kontur";"Kompakt";"Offene Kontur";"27";"6";"0";"35.364";"Vorläufige Design-Einstufung; Spieltests ausstehend"
"145";"15";"Entdecken";"library-fans-08";"Fächerwege · Goldener Winkel";"Geometrisch / freie Kontur";"Kompakt";"Offene Kontur";"25";"6";"0";"35.493";"Vorläufige Design-Einstufung; Spieltests ausstehend"
"146";"15";"Entdecken";"library-windows-03";"Fensterlicht · Silberpfad";"Geometrisch / freie Kontur";"Kompakt";"Offene Kontur";"27";"6";"0";"35.509";"Vorläufige Design-Einstufung; Spieltests ausstehend"
"147";"15";"Entdecken";"library-bridges-02";"Verbindungen · Abendruhe";"Geometrisch / freie Kontur";"Kompakt";"Feste Anker, Offene Kontur";"30";"5";"2";"35.636";"Vorläufige Design-Einstufung; Spieltests ausstehend"
"148";"15";"Entdecken";"library-ribbons-15";"Bänder · Ruhiger Pol";"Geometrisch / freie Kontur";"Kompakt";"Offene Kontur";"26";"6";"0";"35.772";"Vorläufige Design-Einstufung; Spieltests ausstehend"
"149";"15";"Entdecken";"library-fans-14";"Fächerwege · Gute Verbindung";"Geometrisch / freie Kontur";"Kompakt";"Offene Kontur";"25";"6";"0";"35.777";"Vorläufige Design-Einstufung; Spieltests ausstehend"
"150";"15";"Entdecken";"library-arches-09";"Lichtbögen · Neue Aussicht";"Geometrisch / freie Kontur";"Kompakt";"";"31";"6";"0";"35.822";"Vorläufige Design-Einstufung; Spieltests ausstehend"
"151";"16";"Knobeln";"library-islands-03";"Inselpfade · Silberpfad";"Geometrisch / freie Kontur";"Kompakt";"Offene Kontur";"25";"6";"0";"35.871";"Vorläufige Design-Einstufung; Spieltests ausstehend"
"152";"16";"Knobeln";"library-bridges-06";"Verbindungen · Kleine Weite";"Geometrisch / freie Kontur";"Kompakt";"Offene Kontur";"27";"6";"0";"35.886";"Vorläufige Design-Einstufung; Spieltests ausstehend"
"153";"16";"Knobeln";"library-anchors-09";"Ankerwege · Neue Aussicht";"Geometrisch / freie Kontur";"Kompakt";"Feste Anker, Offene Kontur";"27";"6";"1";"36.129";"Vorläufige Design-Einstufung; Spieltests ausstehend"
"154";"16";"Knobeln";"library-windows-01";"Fensterlicht · Morgenlicht";"Geometrisch / freie Kontur";"Kompakt";"Offene Kontur";"34";"6";"0";"36.25";"Vorläufige Design-Einstufung; Spieltests ausstehend"
"155";"16";"Knobeln";"library-channels-10";"Durchgänge · Zwischenzeit";"Geometrisch / freie Kontur";"Verzweigt";"Feste Anker, Schmale Verbindungen, Offene Kontur";"29";"5";"4";"36.276";"Vorläufige Design-Einstufung; Spieltests ausstehend"
"156";"16";"Knobeln";"library-anchors-19";"Ankerwege · Lichtspur";"Geometrisch / freie Kontur";"Kompakt";"Feste Anker, Offene Kontur";"25";"6";"2";"36.301";"Vorläufige Design-Einstufung; Spieltests ausstehend"
"157";"16";"Knobeln";"library-terraces-13";"Stufenwege · Freiraum";"Geometrisch / freie Kontur";"Kompakt";"Offene Kontur";"27";"6";"0";"36.553";"Vorläufige Design-Einstufung; Spieltests ausstehend"
"158";"16";"Knobeln";"library-ribbons-13";"Bänder · Freiraum";"Geometrisch / freie Kontur";"Kompakt";"Offene Kontur";"30";"6";"0";"36.555";"Vorläufige Design-Einstufung; Spieltests ausstehend"
"159";"16";"Knobeln";"library-bridges-20";"Verbindungen · Feierabend";"Geometrisch / freie Kontur";"Kompakt";"Offene Kontur";"25";"6";"0";"36.589";"Vorläufige Design-Einstufung; Spieltests ausstehend"
"160";"16";"Knobeln";"library-islands-05";"Inselpfade · Sternenblick";"Geometrisch / freie Kontur";"Kompakt";"Feste Anker, Offene Kontur";"24";"6";"1";"36.917";"Vorläufige Design-Einstufung; Spieltests ausstehend"
"161";"17";"Knobeln";"bird";"Vogel";"Tier / Natur";"Kompakt";"Offene Kontur";"30";"6";"0";"36.945";"Vorläufige Design-Einstufung; Spieltests ausstehend"
"162";"17";"Knobeln";"library-islands-10";"Inselpfade · Zwischenzeit";"Geometrisch / freie Kontur";"Kompakt";"Offene Kontur";"32";"6";"0";"36.993";"Vorläufige Design-Einstufung; Spieltests ausstehend"
"163";"17";"Knobeln";"library-notches-07";"Nischenwege · Leiser Fluss";"Geometrisch / freie Kontur";"Kompakt";"Offene Kontur";"28";"6";"0";"37.125";"Vorläufige Design-Einstufung; Spieltests ausstehend"
"164";"17";"Knobeln";"library-notches-03";"Nischenwege · Silberpfad";"Geometrisch / freie Kontur";"Kompakt";"";"34";"6";"0";"37.148";"Vorläufige Design-Einstufung; Spieltests ausstehend"
"165";"17";"Knobeln";"library-anchors-01";"Ankerwege · Morgenlicht";"Geometrisch / freie Kontur";"Kompakt";"Feste Anker, Offene Kontur";"29";"6";"2";"37.158";"Vorläufige Design-Einstufung; Spieltests ausstehend"
"166";"17";"Knobeln";"gate";"Lichttor";"Geometrisch / freie Kontur";"Kompakt";"Offene Kontur";"34";"6";"0";"37.159";"Vorläufige Design-Einstufung; Spieltests ausstehend"
"167";"17";"Knobeln";"library-islands-18";"Inselpfade · Weitblick";"Geometrisch / freie Kontur";"Kompakt";"Feste Anker, Offene Kontur";"26";"6";"2";"37.176";"Vorläufige Design-Einstufung; Spieltests ausstehend"
"168";"17";"Knobeln";"library-channels-05";"Durchgänge · Sternenblick";"Geometrisch / freie Kontur";"Kompakt";"Offene Kontur";"36";"6";"0";"37.253";"Vorläufige Design-Einstufung; Spieltests ausstehend"
"169";"17";"Knobeln";"library-forks-05";"Abzweigungen · Sternenblick";"Geometrisch / freie Kontur";"Kompakt";"Feste Anker, Offene Kontur";"28";"6";"1";"37.273";"Vorläufige Design-Einstufung; Spieltests ausstehend"
"170";"17";"Knobeln";"library-terraces-03";"Stufenwege · Silberpfad";"Geometrisch / freie Kontur";"Kompakt";"";"27";"6";"0";"37.275";"Vorläufige Design-Einstufung; Spieltests ausstehend"
"171";"18";"Knobeln";"icecream";"Eistüte";"Gegenstand / Symbol";"Kompakt";"Offene Kontur";"33";"6";"0";"37.512";"Vorläufige Design-Einstufung; Spieltests ausstehend"
"172";"18";"Knobeln";"library-windows-07";"Fensterlicht · Leiser Fluss";"Geometrisch / freie Kontur";"Kompakt";"";"32";"6";"0";"37.49";"Vorläufige Design-Einstufung; Spieltests ausstehend"
"173";"18";"Knobeln";"cup";"Tasse";"Gegenstand / Symbol";"Verzweigt";"Schmale Verbindungen";"33";"6";"0";"38.392";"Vorläufige Design-Einstufung; Spieltests ausstehend"
"174";"18";"Knobeln";"library-fans-01";"Fächerwege · Morgenlicht";"Geometrisch / freie Kontur";"Kompakt";"Feste Anker, Offene Kontur";"24";"6";"1";"37.548";"Vorläufige Design-Einstufung; Spieltests ausstehend"
"175";"18";"Knobeln";"library-facets-11";"Facetten · Heller Gedanke";"Geometrisch / freie Kontur";"Kompakt";"Feste Anker, Offene Kontur";"27";"6";"2";"37.636";"Vorläufige Design-Einstufung; Spieltests ausstehend"
"176";"18";"Knobeln";"block02";"Zwei Ruhepunkte";"Geometrisch / freie Kontur";"Kompakt";"Feste Anker";"31";"6";"2";"37.649";"Vorläufige Design-Einstufung; Spieltests ausstehend"
"177";"18";"Knobeln";"library-windows-17";"Fensterlicht · Blaue Stunde";"Geometrisch / freie Kontur";"Kompakt";"Offene Kontur";"40";"6";"0";"37.666";"Vorläufige Design-Einstufung; Spieltests ausstehend"
"178";"18";"Knobeln";"library-anchors-15";"Ankerwege · Ruhiger Pol";"Geometrisch / freie Kontur";"Kompakt";"Feste Anker, Offene Kontur";"25";"6";"3";"37.733";"Vorläufige Design-Einstufung; Spieltests ausstehend"
"179";"18";"Knobeln";"library-notches-17";"Nischenwege · Blaue Stunde";"Geometrisch / freie Kontur";"Kompakt";"Feste Anker, Offene Kontur";"24";"6";"2";"37.784";"Vorläufige Design-Einstufung; Spieltests ausstehend"
"180";"18";"Knobeln";"library-anchors-16";"Ankerwege · Sonnenfenster";"Geometrisch / freie Kontur";"Kompakt";"Feste Anker";"34";"5";"5";"38.395";"Vorläufige Design-Einstufung; Spieltests ausstehend"
"181";"19";"Knobeln";"library-anchors-10";"Ankerwege · Zwischenzeit";"Geometrisch / freie Kontur";"Kompakt";"Feste Anker, Offene Kontur";"27";"6";"2";"38.409";"Vorläufige Design-Einstufung; Spieltests ausstehend"
"182";"19";"Knobeln";"library-facets-05";"Facetten · Sternenblick";"Geometrisch / freie Kontur";"Kompakt";"Feste Anker, Offene Kontur";"25";"6";"2";"38.445";"Vorläufige Design-Einstufung; Spieltests ausstehend"
"183";"19";"Knobeln";"library-arches-07";"Lichtbögen · Leiser Fluss";"Geometrisch / freie Kontur";"Kompakt";"Offene Kontur";"32";"7";"0";"38.471";"Vorläufige Design-Einstufung; Spieltests ausstehend"
"184";"19";"Knobeln";"library-arches-11";"Lichtbögen · Heller Gedanke";"Geometrisch / freie Kontur";"Verzweigt";"Feste Anker, Schmale Verbindungen, Offene Kontur";"39";"6";"1";"38.513";"Vorläufige Design-Einstufung; Spieltests ausstehend"
"185";"19";"Knobeln";"library-windows-13";"Fensterlicht · Freiraum";"Geometrisch / freie Kontur";"Kompakt";"Feste Anker, Offene Kontur";"33";"6";"2";"38.569";"Vorläufige Design-Einstufung; Spieltests ausstehend"
"186";"19";"Knobeln";"cross";"Kreuzlicht";"Geometrisch / freie Kontur";"Kompakt";"Offene Kontur";"33";"6";"0";"38.581";"Vorläufige Design-Einstufung; Spieltests ausstehend"
"187";"19";"Knobeln";"library-facets-01";"Facetten · Morgenlicht";"Geometrisch / freie Kontur";"Kompakt";"Feste Anker";"30";"6";"2";"38.593";"Vorläufige Design-Einstufung; Spieltests ausstehend"
"188";"19";"Knobeln";"library-bridges-10";"Verbindungen · Zwischenzeit";"Geometrisch / freie Kontur";"Langgezogen";"";"36";"6";"0";"38.623";"Vorläufige Design-Einstufung; Spieltests ausstehend"
"189";"19";"Knobeln";"library-anchors-18";"Ankerwege · Weitblick";"Geometrisch / freie Kontur";"Kompakt";"Feste Anker, Offene Kontur";"26";"6";"4";"38.833";"Vorläufige Design-Einstufung; Spieltests ausstehend"
"190";"19";"Knobeln";"library-channels-01";"Durchgänge · Morgenlicht";"Geometrisch / freie Kontur";"Kompakt";"Offene Kontur";"32";"7";"0";"38.853";"Vorläufige Design-Einstufung; Spieltests ausstehend"
"191";"20";"Knobeln";"cactus";"Kaktus";"Tier / Natur";"Verzweigt";"Schmale Verbindungen, Offene Kontur";"36";"6";"0";"38.904";"Vorläufige Design-Einstufung; Spieltests ausstehend"
"192";"20";"Knobeln";"library-forks-19";"Abzweigungen · Lichtspur";"Geometrisch / freie Kontur";"Kompakt";"Offene Kontur";"30";"7";"0";"39.011";"Vorläufige Design-Einstufung; Spieltests ausstehend"
"193";"20";"Knobeln";"library-arches-13";"Lichtbögen · Freiraum";"Geometrisch / freie Kontur";"Kompakt";"Offene Kontur";"32";"7";"0";"39.063";"Vorläufige Design-Einstufung; Spieltests ausstehend"
"194";"20";"Knobeln";"library-islands-15";"Inselpfade · Ruhiger Pol";"Geometrisch / freie Kontur";"Kompakt";"Feste Anker, Offene Kontur";"27";"6";"2";"39.065";"Vorläufige Design-Einstufung; Spieltests ausstehend"
"195";"20";"Knobeln";"block05";"Drei Fixpunkte";"Geometrisch / freie Kontur";"Kompakt";"Feste Anker";"35";"6";"3";"39.123";"Vorläufige Design-Einstufung; Spieltests ausstehend"
"196";"20";"Knobeln";"library-arches-17";"Lichtbögen · Blaue Stunde";"Geometrisch / freie Kontur";"Verzweigt";"Feste Anker, Schmale Verbindungen, Offene Kontur";"29";"7";"1";"39.674";"Vorläufige Design-Einstufung; Spieltests ausstehend"
"197";"20";"Knobeln";"library-channels-03";"Durchgänge · Silberpfad";"Geometrisch / freie Kontur";"Kompakt";"Offene Kontur";"30";"7";"0";"39.726";"Vorläufige Design-Einstufung; Spieltests ausstehend"
"198";"20";"Knobeln";"spiral";"Spurensuche";"Geometrisch / freie Kontur";"Verzweigt";"Schmale Verbindungen, Offene Kontur";"32";"7";"0";"39.754";"Vorläufige Design-Einstufung; Spieltests ausstehend"
"199";"20";"Knobeln";"library-fans-04";"Fächerwege · Sommerwind";"Geometrisch / freie Kontur";"Kompakt";"Offene Kontur";"29";"7";"0";"39.767";"Vorläufige Design-Einstufung; Spieltests ausstehend"
"200";"20";"Knobeln";"library-channels-06";"Durchgänge · Kleine Weite";"Geometrisch / freie Kontur";"Kompakt";"Offene Kontur";"31";"7";"0";"39.9";"Vorläufige Design-Einstufung; Spieltests ausstehend"
"201";"21";"Knobeln";"butterfly";"Schmetterling";"Tier / Natur";"Kompakt";"";"47";"6";"0";"40.383";"Vorläufige Design-Einstufung; Spieltests ausstehend"
"202";"21";"Knobeln";"library-ribbons-03";"Bänder · Silberpfad";"Geometrisch / freie Kontur";"Kompakt";"Offene Kontur";"28";"7";"0";"39.936";"Vorläufige Design-Einstufung; Spieltests ausstehend"
"203";"21";"Knobeln";"library-arches-08";"Lichtbögen · Goldener Winkel";"Geometrisch / freie Kontur";"Kompakt";"Offene Kontur";"31";"7";"0";"39.964";"Vorläufige Design-Einstufung; Spieltests ausstehend"
"204";"21";"Knobeln";"library-windows-04";"Fensterlicht · Sommerwind";"Geometrisch / freie Kontur";"Kompakt";"Feste Anker";"38";"6";"2";"40.169";"Vorläufige Design-Einstufung; Spieltests ausstehend"
"205";"21";"Knobeln";"library-notches-19";"Nischenwege · Lichtspur";"Geometrisch / freie Kontur";"Kompakt";"Offene Kontur";"30";"7";"0";"40.17";"Vorläufige Design-Einstufung; Spieltests ausstehend"
"206";"21";"Knobeln";"library-bridges-08";"Verbindungen · Goldener Winkel";"Geometrisch / freie Kontur";"Kompakt";"Offene Kontur";"31";"7";"0";"40.215";"Vorläufige Design-Einstufung; Spieltests ausstehend"
"207";"21";"Knobeln";"library-fans-16";"Fächerwege · Sonnenfenster";"Geometrisch / freie Kontur";"Kompakt";"Offene Kontur";"29";"7";"0";"40.284";"Vorläufige Design-Einstufung; Spieltests ausstehend"
"208";"21";"Knobeln";"library-forks-08";"Abzweigungen · Goldener Winkel";"Geometrisch / freie Kontur";"Kompakt";"Offene Kontur";"30";"7";"0";"40.303";"Vorläufige Design-Einstufung; Spieltests ausstehend"
"209";"21";"Knobeln";"library-forks-14";"Abzweigungen · Gute Verbindung";"Geometrisch / freie Kontur";"Kompakt";"Offene Kontur";"28";"7";"0";"40.327";"Vorläufige Design-Einstufung; Spieltests ausstehend"
"210";"21";"Knobeln";"library-windows-09";"Fensterlicht · Neue Aussicht";"Geometrisch / freie Kontur";"Kompakt";"";"28";"7";"0";"40.335";"Vorläufige Design-Einstufung; Spieltests ausstehend"
"211";"22";"Knobeln";"library-facets-20";"Facetten · Feierabend";"Geometrisch / freie Kontur";"Kompakt";"Offene Kontur";"29";"7";"0";"40.391";"Vorläufige Design-Einstufung; Spieltests ausstehend"
"212";"22";"Knobeln";"comet";"Schweif";"Geometrisch / freie Kontur";"Kompakt";"";"28";"7";"0";"40.522";"Vorläufige Design-Einstufung; Spieltests ausstehend"
"213";"22";"Knobeln";"crescent";"Mondbogen";"Geometrisch / freie Kontur";"Kompakt";"Offene Kontur";"29";"7";"0";"40.529";"Vorläufige Design-Einstufung; Spieltests ausstehend"
"214";"22";"Knobeln";"ribbon";"Faltenspiel";"Geometrisch / freie Kontur";"Kompakt";"Offene Kontur";"31";"7";"0";"40.566";"Vorläufige Design-Einstufung; Spieltests ausstehend"
"215";"22";"Knobeln";"library-arches-01";"Lichtbögen · Morgenlicht";"Geometrisch / freie Kontur";"Kompakt";"Offene Kontur";"28";"7";"0";"40.775";"Vorläufige Design-Einstufung; Spieltests ausstehend"
"216";"22";"Knobeln";"library-arches-16";"Lichtbögen · Sonnenfenster";"Geometrisch / freie Kontur";"Kompakt";"Offene Kontur";"31";"7";"0";"40.815";"Vorläufige Design-Einstufung; Spieltests ausstehend"
"217";"22";"Knobeln";"library-facets-09";"Facetten · Neue Aussicht";"Geometrisch / freie Kontur";"Kompakt";"Offene Kontur";"32";"7";"0";"40.817";"Vorläufige Design-Einstufung; Spieltests ausstehend"
"218";"22";"Knobeln";"library-notches-12";"Nischenwege · Nordlicht";"Geometrisch / freie Kontur";"Kompakt";"Feste Anker";"31";"6";"2";"40.875";"Vorläufige Design-Einstufung; Spieltests ausstehend"
"219";"22";"Knobeln";"library-fans-19";"Fächerwege · Lichtspur";"Geometrisch / freie Kontur";"Kompakt";"Offene Kontur";"31";"7";"0";"41.048";"Vorläufige Design-Einstufung; Spieltests ausstehend"
"220";"22";"Knobeln";"library-islands-09";"Inselpfade · Neue Aussicht";"Geometrisch / freie Kontur";"Kompakt";"Offene Kontur";"32";"7";"0";"41.173";"Vorläufige Design-Einstufung; Spieltests ausstehend"
"221";"23";"Knobeln";"library-terraces-09";"Stufenwege · Neue Aussicht";"Geometrisch / freie Kontur";"Kompakt";"";"29";"7";"0";"41.206";"Vorläufige Design-Einstufung; Spieltests ausstehend"
"222";"23";"Knobeln";"library-notches-14";"Nischenwege · Gute Verbindung";"Geometrisch / freie Kontur";"Kompakt";"";"29";"7";"0";"41.247";"Vorläufige Design-Einstufung; Spieltests ausstehend"
"223";"23";"Knobeln";"library-channels-04";"Durchgänge · Sommerwind";"Geometrisch / freie Kontur";"Kompakt";"";"31";"7";"0";"41.262";"Vorläufige Design-Einstufung; Spieltests ausstehend"
"224";"23";"Knobeln";"library-anchors-11";"Ankerwege · Heller Gedanke";"Geometrisch / freie Kontur";"Kompakt";"Feste Anker";"39";"6";"4";"41.358";"Vorläufige Design-Einstufung; Spieltests ausstehend"
"225";"23";"Knobeln";"library-fans-11";"Fächerwege · Heller Gedanke";"Geometrisch / freie Kontur";"Kompakt";"Offene Kontur";"34";"7";"0";"41.435";"Vorläufige Design-Einstufung; Spieltests ausstehend"
"226";"23";"Knobeln";"library-bridges-11";"Verbindungen · Heller Gedanke";"Geometrisch / freie Kontur";"Kompakt";"";"34";"7";"0";"41.545";"Vorläufige Design-Einstufung; Spieltests ausstehend"
"227";"23";"Knobeln";"library-channels-08";"Durchgänge · Goldener Winkel";"Geometrisch / freie Kontur";"Kompakt";"Offene Kontur";"36";"7";"0";"41.565";"Vorläufige Design-Einstufung; Spieltests ausstehend"
"228";"23";"Knobeln";"library-windows-10";"Fensterlicht · Zwischenzeit";"Geometrisch / freie Kontur";"Kompakt";"Offene Kontur";"39";"7";"0";"41.584";"Vorläufige Design-Einstufung; Spieltests ausstehend"
"229";"23";"Knobeln";"library-anchors-20";"Ankerwege · Feierabend";"Geometrisch / freie Kontur";"Kompakt";"Feste Anker, Offene Kontur";"35";"7";"1";"41.727";"Vorläufige Design-Einstufung; Spieltests ausstehend"
"230";"23";"Knobeln";"library-arches-18";"Lichtbögen · Weitblick";"Geometrisch / freie Kontur";"Kompakt";"Feste Anker, Offene Kontur";"35";"7";"2";"41.895";"Vorläufige Design-Einstufung; Spieltests ausstehend"
"231";"24";"Knobeln";"bell";"Glocke";"Gegenstand / Symbol";"Verzweigt";"Schmale Verbindungen, Offene Kontur";"31";"7";"0";"42.813";"Vorläufige Design-Einstufung; Spieltests ausstehend"
"232";"24";"Knobeln";"library-bridges-01";"Verbindungen · Morgenlicht";"Geometrisch / freie Kontur";"Kompakt";"Offene Kontur";"39";"7";"0";"41.982";"Vorläufige Design-Einstufung; Spieltests ausstehend"
"233";"24";"Knobeln";"library-bridges-13";"Verbindungen · Freiraum";"Geometrisch / freie Kontur";"Kompakt";"";"35";"7";"0";"41.988";"Vorläufige Design-Einstufung; Spieltests ausstehend"
"234";"24";"Knobeln";"library-terraces-06";"Stufenwege · Kleine Weite";"Geometrisch / freie Kontur";"Kompakt";"";"31";"7";"0";"42.082";"Vorläufige Design-Einstufung; Spieltests ausstehend"
"235";"24";"Knobeln";"library-arches-14";"Lichtbögen · Gute Verbindung";"Geometrisch / freie Kontur";"Kompakt";"Feste Anker, Offene Kontur";"30";"7";"2";"42.34";"Vorläufige Design-Einstufung; Spieltests ausstehend"
"236";"24";"Knobeln";"orbit";"Doppelklang";"Geometrisch / freie Kontur";"Kompakt";"";"37";"7";"0";"42.458";"Vorläufige Design-Einstufung; Spieltests ausstehend"
"237";"24";"Knobeln";"alcove";"Nischen";"Geometrisch / freie Kontur";"Kompakt";"Offene Kontur";"37";"7";"0";"42.827";"Vorläufige Design-Einstufung; Spieltests ausstehend"
"238";"24";"Knobeln";"library-notches-06";"Nischenwege · Kleine Weite";"Geometrisch / freie Kontur";"Kompakt";"Offene Kontur";"39";"7";"0";"42.854";"Vorläufige Design-Einstufung; Spieltests ausstehend"
"239";"24";"Knobeln";"library-windows-14";"Fensterlicht · Gute Verbindung";"Geometrisch / freie Kontur";"Kompakt";"Feste Anker, Offene Kontur";"30";"7";"2";"42.989";"Vorläufige Design-Einstufung; Spieltests ausstehend"
"240";"24";"Knobeln";"library-windows-11";"Fensterlicht · Heller Gedanke";"Geometrisch / freie Kontur";"Kompakt";"Feste Anker, Offene Kontur";"29";"7";"2";"43.087";"Vorläufige Design-Einstufung; Spieltests ausstehend"
"241";"25";"Meistern";"turtle";"Schildkröte";"Tier / Natur";"Kompakt";"Offene Kontur";"36";"7";"0";"43.612";"Vorläufige Design-Einstufung; Spieltests ausstehend"
"242";"25";"Meistern";"block06";"Um die Ecke";"Geometrisch / freie Kontur";"Kompakt";"Feste Anker, Offene Kontur";"31";"7";"3";"43.5";"Vorläufige Design-Einstufung; Spieltests ausstehend"
"243";"25";"Meistern";"boat";"Segelboot";"Gegenstand / Symbol";"Verzweigt";"Schmale Verbindungen, Offene Kontur";"41";"7";"0";"43.816";"Vorläufige Design-Einstufung; Spieltests ausstehend"
"244";"25";"Meistern";"library-windows-05";"Fensterlicht · Sternenblick";"Geometrisch / freie Kontur";"Kompakt";"Offene Kontur";"33";"8";"0";"44.035";"Vorläufige Design-Einstufung; Spieltests ausstehend"
"245";"25";"Meistern";"library-facets-02";"Facetten · Abendruhe";"Geometrisch / freie Kontur";"Kompakt";"Feste Anker, Offene Kontur";"30";"7";"2";"44.105";"Vorläufige Design-Einstufung; Spieltests ausstehend"
"246";"25";"Meistern";"library-anchors-12";"Ankerwege · Nordlicht";"Geometrisch / freie Kontur";"Kompakt";"Feste Anker, Offene Kontur";"30";"7";"4";"44.21";"Vorläufige Design-Einstufung; Spieltests ausstehend"
"247";"25";"Meistern";"library-arches-04";"Lichtbögen · Sommerwind";"Geometrisch / freie Kontur";"Kompakt";"Offene Kontur";"35";"8";"0";"44.479";"Vorläufige Design-Einstufung; Spieltests ausstehend"
"248";"25";"Meistern";"ladder";"Sprossen";"Geometrisch / freie Kontur";"Kompakt";"Offene Kontur";"37";"8";"0";"44.989";"Vorläufige Design-Einstufung; Spieltests ausstehend"
"249";"25";"Meistern";"library-ribbons-16";"Bänder · Sonnenfenster";"Geometrisch / freie Kontur";"Kompakt";"Offene Kontur";"36";"8";"0";"45.143";"Vorläufige Design-Einstufung; Spieltests ausstehend"
"250";"25";"Meistern";"library-ribbons-04";"Bänder · Sommerwind";"Geometrisch / freie Kontur";"Kompakt";"Offene Kontur";"35";"8";"0";"45.174";"Vorläufige Design-Einstufung; Spieltests ausstehend"
"251";"26";"Meistern";"cat";"Katze";"Tier / Natur";"Kompakt";"";"37";"8";"0";"45.495";"Vorläufige Design-Einstufung; Spieltests ausstehend"
"252";"26";"Meistern";"library-anchors-05";"Ankerwege · Sternenblick";"Geometrisch / freie Kontur";"Kompakt";"Feste Anker";"38";"7";"4";"45.306";"Vorläufige Design-Einstufung; Spieltests ausstehend"
"253";"26";"Meistern";"library-anchors-02";"Ankerwege · Abendruhe";"Geometrisch / freie Kontur";"Kompakt";"Feste Anker, Offene Kontur";"37";"7";"3";"45.308";"Vorläufige Design-Einstufung; Spieltests ausstehend"
"254";"26";"Meistern";"library-forks-01";"Abzweigungen · Morgenlicht";"Geometrisch / freie Kontur";"Kompakt";"Offene Kontur";"36";"8";"0";"45.371";"Vorläufige Design-Einstufung; Spieltests ausstehend"
"255";"26";"Meistern";"library-arches-02";"Lichtbögen · Abendruhe";"Geometrisch / freie Kontur";"Kompakt";"Offene Kontur";"33";"8";"0";"45.623";"Vorläufige Design-Einstufung; Spieltests ausstehend"
"256";"26";"Meistern";"library-windows-08";"Fensterlicht · Goldener Winkel";"Geometrisch / freie Kontur";"Kompakt";"";"35";"8";"0";"45.884";"Vorläufige Design-Einstufung; Spieltests ausstehend"
"257";"26";"Meistern";"library-windows-18";"Fensterlicht · Weitblick";"Geometrisch / freie Kontur";"Kompakt";"Offene Kontur";"36";"8";"0";"45.888";"Vorläufige Design-Einstufung; Spieltests ausstehend"
"258";"26";"Meistern";"library-bridges-14";"Verbindungen · Gute Verbindung";"Geometrisch / freie Kontur";"Kompakt";"Offene Kontur";"35";"8";"0";"45.934";"Vorläufige Design-Einstufung; Spieltests ausstehend"
"259";"26";"Meistern";"fork";"Dreiklang";"Geometrisch / freie Kontur";"Kompakt";"Offene Kontur";"37";"8";"0";"46.044";"Vorläufige Design-Einstufung; Spieltests ausstehend"
"260";"26";"Meistern";"library-notches-10";"Nischenwege · Zwischenzeit";"Geometrisch / freie Kontur";"Kompakt";"";"35";"8";"0";"46.284";"Vorläufige Design-Einstufung; Spieltests ausstehend"
"261";"27";"Meistern";"library-facets-17";"Facetten · Blaue Stunde";"Geometrisch / freie Kontur";"Kompakt";"Offene Kontur";"36";"8";"0";"46.418";"Vorläufige Design-Einstufung; Spieltests ausstehend"
"262";"27";"Meistern";"library-notches-02";"Nischenwege · Abendruhe";"Geometrisch / freie Kontur";"Kompakt";"Feste Anker, Offene Kontur";"34";"8";"1";"46.876";"Vorläufige Design-Einstufung; Spieltests ausstehend"
"263";"27";"Meistern";"library-anchors-07";"Ankerwege · Leiser Fluss";"Geometrisch / freie Kontur";"Kompakt";"Feste Anker";"36";"8";"1";"47.188";"Vorläufige Design-Einstufung; Spieltests ausstehend"
"264";"27";"Meistern";"library-windows-16";"Fensterlicht · Sonnenfenster";"Geometrisch / freie Kontur";"Kompakt";"Offene Kontur";"44";"8";"0";"47.214";"Vorläufige Design-Einstufung; Spieltests ausstehend"
"265";"27";"Meistern";"library-terraces-04";"Stufenwege · Sommerwind";"Geometrisch / freie Kontur";"Kompakt";"Feste Anker, Offene Kontur";"33";"8";"1";"47.463";"Vorläufige Design-Einstufung; Spieltests ausstehend"
"266";"27";"Meistern";"library-channels-09";"Durchgänge · Neue Aussicht";"Geometrisch / freie Kontur";"Kompakt";"Feste Anker, Offene Kontur";"34";"8";"2";"47.528";"Vorläufige Design-Einstufung; Spieltests ausstehend"
"267";"27";"Meistern";"block03";"Versetzte Wege";"Geometrisch / freie Kontur";"Kompakt";"Feste Anker";"33";"8";"2";"47.664";"Vorläufige Design-Einstufung; Spieltests ausstehend"
"268";"27";"Meistern";"library-terraces-05";"Stufenwege · Sternenblick";"Geometrisch / freie Kontur";"Kompakt";"";"40";"8";"0";"47.749";"Vorläufige Design-Einstufung; Spieltests ausstehend"
"269";"27";"Meistern";"block07";"Zwischenräume";"Geometrisch / freie Kontur";"Kompakt";"Feste Anker";"34";"8";"3";"47.969";"Vorläufige Design-Einstufung; Spieltests ausstehend"
"270";"27";"Meistern";"block04";"Die kleine Insel";"Geometrisch / freie Kontur";"Kompakt";"Feste Anker";"34";"8";"3";"48.095";"Vorläufige Design-Einstufung; Spieltests ausstehend"
"271";"28";"Meistern";"tree";"Tannenbaum";"Tier / Natur";"Verzweigt";"Schmale Verbindungen, Offene Kontur";"38";"8";"0";"48.11";"Vorläufige Design-Einstufung; Spieltests ausstehend"
"272";"28";"Meistern";"library-terraces-10";"Stufenwege · Zwischenzeit";"Geometrisch / freie Kontur";"Kompakt";"Feste Anker";"35";"8";"2";"48.105";"Vorläufige Design-Einstufung; Spieltests ausstehend"
"273";"28";"Meistern";"heart";"Herz";"Gegenstand / Symbol";"Kompakt";"";"48";"8";"0";"48.864";"Vorläufige Design-Einstufung; Spieltests ausstehend"
"274";"28";"Meistern";"frame";"Fensterspiel";"Geometrisch / freie Kontur";"Kompakt";"Offene Kontur";"40";"9";"0";"48.834";"Vorläufige Design-Einstufung; Spieltests ausstehend"
"275";"28";"Meistern";"house";"Häuschen";"Gegenstand / Symbol";"Kompakt";"";"44";"8";"0";"49.117";"Vorläufige Design-Einstufung; Spieltests ausstehend"
"276";"28";"Meistern";"library-channels-16";"Durchgänge · Sonnenfenster";"Geometrisch / freie Kontur";"Kompakt";"Offene Kontur";"37";"9";"0";"49.176";"Vorläufige Design-Einstufung; Spieltests ausstehend"
"277";"28";"Meistern";"umbrella";"Regenschirm";"Gegenstand / Symbol";"Kompakt";"Offene Kontur";"38";"9";"0";"50.573";"Vorläufige Design-Einstufung; Spieltests ausstehend"
"278";"28";"Meistern";"library-arches-10";"Lichtbögen · Zwischenzeit";"Geometrisch / freie Kontur";"Kompakt";"Offene Kontur";"39";"9";"0";"49.597";"Vorläufige Design-Einstufung; Spieltests ausstehend"
"279";"28";"Meistern";"library-channels-12";"Durchgänge · Nordlicht";"Geometrisch / freie Kontur";"Kompakt";"Offene Kontur";"40";"9";"0";"49.69";"Vorläufige Design-Einstufung; Spieltests ausstehend"
"280";"28";"Meistern";"library-anchors-04";"Ankerwege · Sommerwind";"Geometrisch / freie Kontur";"Kompakt";"Feste Anker, Offene Kontur";"33";"8";"4";"50.157";"Vorläufige Design-Einstufung; Spieltests ausstehend"
"281";"29";"Meistern";"balloon";"Ballon";"Gegenstand / Symbol";"Kompakt";"Offene Kontur";"37";"9";"0";"51.235";"Vorläufige Design-Einstufung; Spieltests ausstehend"
"282";"29";"Meistern";"library-facets-06";"Facetten · Kleine Weite";"Geometrisch / freie Kontur";"Kompakt";"";"39";"9";"0";"51.084";"Vorläufige Design-Einstufung; Spieltests ausstehend"
"283";"29";"Meistern";"mushroom";"Pilz";"Tier / Natur";"Kompakt";"Offene Kontur";"41";"9";"0";"51.479";"Vorläufige Design-Einstufung; Spieltests ausstehend"
"284";"29";"Meistern";"library-facets-18";"Facetten · Weitblick";"Geometrisch / freie Kontur";"Kompakt";"Offene Kontur";"40";"9";"0";"51.237";"Vorläufige Design-Einstufung; Spieltests ausstehend"
"285";"29";"Meistern";"crown";"Krone";"Gegenstand / Symbol";"Kompakt";"";"38";"9";"0";"51.59";"Vorläufige Design-Einstufung; Spieltests ausstehend"
"286";"29";"Meistern";"library-windows-06";"Fensterlicht · Kleine Weite";"Geometrisch / freie Kontur";"Kompakt";"Offene Kontur";"39";"9";"0";"51.255";"Vorläufige Design-Einstufung; Spieltests ausstehend"
"287";"29";"Meistern";"terrace";"Terrassen";"Geometrisch / freie Kontur";"Kompakt";"";"40";"9";"0";"51.377";"Vorläufige Design-Einstufung; Spieltests ausstehend"
"288";"29";"Meistern";"diamond";"Prisma";"Geometrisch / freie Kontur";"Kompakt";"";"43";"9";"0";"51.802";"Vorläufige Design-Einstufung; Spieltests ausstehend"
"289";"29";"Meistern";"block09";"Die stille Achse";"Geometrisch / freie Kontur";"Kompakt";"Feste Anker";"37";"9";"3";"52.776";"Vorläufige Design-Einstufung; Spieltests ausstehend"
"290";"29";"Meistern";"library-notches-20";"Nischenwege · Feierabend";"Geometrisch / freie Kontur";"Kompakt";"Feste Anker";"40";"9";"1";"52.993";"Vorläufige Design-Einstufung; Spieltests ausstehend"
"291";"30";"Meistern";"castle";"Burg";"Gegenstand / Symbol";"Kompakt";"";"50";"9";"0";"53.794";"Vorläufige Design-Einstufung; Spieltests ausstehend"
"292";"30";"Meistern";"weave";"Flechtwerk";"Geometrisch / freie Kontur";"Kompakt";"";"41";"10";"0";"54.569";"Vorläufige Design-Einstufung; Spieltests ausstehend"
"293";"30";"Meistern";"apple";"Apfel";"Tier / Natur";"Kompakt";"";"42";"10";"0";"56.252";"Vorläufige Design-Einstufung; Spieltests ausstehend"
"294";"30";"Meistern";"library-notches-16";"Nischenwege · Sonnenfenster";"Geometrisch / freie Kontur";"Kompakt";"Offene Kontur";"42";"10";"0";"54.695";"Vorläufige Design-Einstufung; Spieltests ausstehend"
"295";"30";"Meistern";"library-facets-12";"Facetten · Nordlicht";"Geometrisch / freie Kontur";"Kompakt";"Offene Kontur";"43";"10";"0";"55.694";"Vorläufige Design-Einstufung; Spieltests ausstehend"
"296";"30";"Meistern";"hourglass";"Sanduhr";"Geometrisch / freie Kontur";"Kompakt";"";"45";"10";"0";"56.278";"Vorläufige Design-Einstufung; Spieltests ausstehend"
"297";"30";"Meistern";"library-channels-15";"Durchgänge · Ruhiger Pol";"Geometrisch / freie Kontur";"Kompakt";"";"44";"10";"0";"56.396";"Vorläufige Design-Einstufung; Spieltests ausstehend"
"298";"30";"Meistern";"library-notches-11";"Nischenwege · Heller Gedanke";"Geometrisch / freie Kontur";"Kompakt";"";"45";"10";"0";"56.609";"Vorläufige Design-Einstufung; Spieltests ausstehend"
"299";"30";"Meistern";"library-terraces-18";"Stufenwege · Weitblick";"Geometrisch / freie Kontur";"Kompakt";"";"45";"10";"0";"57.155";"Vorläufige Design-Einstufung; Spieltests ausstehend"
"300";"30";"Meistern";"library-notches-04";"Nischenwege · Sommerwind";"Geometrisch / freie Kontur";"Kompakt";"Feste Anker";"45";"10";"2";"58.998";"Vorläufige Design-Einstufung; Spieltests ausstehend"